dataset,zs,oracle,best oracle,accum,best accum,best oracle - zs
serengeti_serengeti_P05,0.84,0.79,0.62,,,-0.22
serengeti_serengeti_K06,0.90,0.85,0.73,,,-0.17
serengeti_serengeti_U10,0.85,0.86,0.69,,,-0.16
nz_nz_DWT_BCAM419_2022_1,0.97,0.92,0.86,,,-0.11
serengeti_serengeti_T13,0.78,0.66,0.67,0.65,0.71,-0.11
serengeti_serengeti_C04,0.89,0.87,0.79,,,-0.10
serengeti_serengeti_N05,0.86,0.81,0.76,,,-0.10
serengeti_serengeti_N10,0.67,0.72,0.57,0.56,,-0.10
serengeti_serengeti_F05,0.78,0.71,0.69,,,-0.09
serengeti_serengeti_M05,0.84,0.78,0.75,,,-0.09
serengeti_serengeti_Q13,0.86,0.67,0.77,,,-0.09
na_na_lebec_CA-12,0.91,0.88,0.83,,,-0.08
MAD_MAD_MAD03,0.83,0.81,0.76,,,-0.07
na_na_archbold_FL-23,0.81,0.72,0.74,,,-0.07
serengeti_serengeti_Q06,0.83,0.82,0.76,,,-0.07
serengeti_serengeti_D08,0.91,0.89,0.85,,0.90,-0.06
na_na_archbold_FL-05,0.92,0.80,0.87,,,-0.05
na_na_archbold_FL-20,0.95,0.88,0.90,,,-0.05
na_na_lebec_CA-10,0.93,0.96,0.88,,,-0.05
serengeti_serengeti_B07,0.78,0.74,0.73,,,-0.05
serengeti_serengeti_C07,0.88,0.81,0.83,,,-0.05
serengeti_serengeti_D03,0.91,0.94,0.86,,,-0.05
serengeti_serengeti_L05,0.73,0.71,0.68,,,-0.05
serengeti_serengeti_O05,0.79,0.81,0.74,0.65,0.79,-0.05
serengeti_serengeti_P04,0.82,0.81,0.77,,,-0.05
MAD_MAD_MAD06,0.79,0.84,0.75,,,-0.04
serengeti_serengeti_I03,0.79,0.77,0.75,,,-0.04
serengeti_serengeti_P06,0.79,0.79,0.75,,,-0.04
serengeti_serengeti_T12,0.78,0.85,0.74,,,-0.04
na_na_archbold_FL-19,0.94,0.90,0.91,,,-0.03
na_na_lebec_CA-27,0.95,0.93,0.92,,,-0.03
nz_nz_EFD_DCAMF09,0.88,0.97,0.85,,0.84,-0.03
nz_nz_EFD_DCAMH02,0.97,0.89,0.94,0.70,0.91,-0.03
nz_nz_PS1_CAM7816,0.92,0.90,0.89,,,-0.03
serengeti_serengeti_G05,0.89,0.86,0.86,,,-0.03
serengeti_serengeti_J03,0.75,0.80,0.72,,,-0.03
serengeti_serengeti_P09,0.88,0.84,0.85,,,-0.03
APN_APN_K053,0.96,0.81,0.94,0.76,0.95,-0.02
caltech_caltech_114,0.89,0.88,0.87,,,-0.02
na_na_archbold_FL-28,0.85,0.64,0.83,,,-0.02
na_na_archbold_FL-31,0.91,0.85,0.89,,,-0.02
serengeti_serengeti_B08,0.82,0.79,0.80,,,-0.02
serengeti_serengeti_C10,0.87,0.82,0.85,,,-0.02
serengeti_serengeti_E06,0.87,0.87,0.85,,,-0.02
serengeti_serengeti_J07,0.89,0.74,0.87,,,-0.02
serengeti_serengeti_K09,0.82,0.78,0.80,,,-0.02
serengeti_serengeti_M07,0.67,0.71,0.65,,,-0.02
serengeti_serengeti_R08,0.80,0.76,0.78,,,-0.02
serengeti_serengeti_R12,0.78,0.81,0.76,0.73,,-0.02
serengeti_serengeti_S09,0.84,0.83,0.82,,,-0.02
caltech_caltech_57,0.97,0.89,0.96,,,-0.01
CDB_CDB_D06,0.93,0.92,0.92,,,-0.01
KGA_KGA_KHOGB03,0.92,0.87,0.91,,,-0.01
MAD_MAD_I08,0.87,0.91,0.86,,0.87,-0.01
MTZ_MTZ_C08,0.91,0.91,0.90,,,-0.01
na_na_archbold_FL-26,0.94,0.81,0.93,,,-0.01
na_na_lebec_CA-03,0.89,0.76,0.88,,,-0.01
nz_nz_EFD_DCAMD11,0.97,0.96,0.96,,,-0.01
nz_nz_EFD_DCAME04,0.87,0.92,0.86,,,-0.01
nz_nz_EFD_DCAME08,0.88,0.90,0.87,,,-0.01
nz_nz_EFH_HCAME03,0.86,0.82,0.85,,,-0.01
nz_nz_EFH_HCAMF09,0.88,0.93,0.87,,,-0.01
nz_nz_EFH_HCAMJ04,0.91,0.91,0.90,,,-0.01
serengeti_serengeti_C05,0.69,0.65,0.68,,,-0.01
serengeti_serengeti_J04,0.84,0.87,0.83,,,-0.01
serengeti_serengeti_K03,0.82,0.83,0.81,,,-0.01
serengeti_serengeti_K07,0.84,0.87,0.83,0.72,,-0.01
serengeti_serengeti_K13,0.75,0.59,0.74,0.42,0.70,-0.01
serengeti_serengeti_Q12,0.83,0.86,0.82,0.73,,-0.01
serengeti_serengeti_S13,0.86,0.80,0.85,,,-0.01
APN_APN_JJ6,0.99,0.86,0.99,,,0.00
APN_APN_JJ7,0.99,0.98,0.99,,,0.00
APN_APN_K034,0.97,0.86,0.97,0.78,0.98,0.00
APN_APN_N1,0.94,0.82,0.94,,0.92,0.00
APN_APN_U24B,0.93,0.81,0.93,,,0.00
caltech_caltech_23,0.96,0.89,0.96,,,0.00
ENO_ENO_B03,0.98,0.88,0.98,,,0.00
ENO_ENO_C03,0.97,0.80,0.97,0.85,0.97,0.00
idaho_idaho_109,0.97,0.91,0.97,,,0.00
idaho_idaho_118,0.95,0.91,0.95,,,0.00
idaho_idaho_121,0.98,0.84,0.98,,,0.00
idaho_idaho_86,0.98,0.87,0.98,0.87,0.95,0.00
KAR_KAR_E03,0.95,0.84,0.95,,,0.00
KRU_KRU_8,0.97,0.87,0.97,,,0.00
MTZ_MTZ_D03,0.89,0.82,0.89,0.82,0.88,0.00
na_na_archbold_FL-16,0.91,0.91,0.91,,,0.00
na_na_archbold_FL-38,0.90,0.42,0.90,,,0.00
na_na_archbold_FL-39,0.95,0.72,0.95,,,0.00
na_na_archbold_FL-42,0.82,0.87,0.82,,,0.00
nz_nz_DWT_BCAM668_2022_1,0.97,0.98,0.97,,,0.00
nz_nz_EFD_DCAMG03,0.96,0.92,0.96,,0.95,0.00
nz_nz_EFD_DCAMH06,0.93,0.88,0.93,,0.91,0.00
nz_nz_EFD_DCAMH08,0.94,0.89,0.94,,,0.00
nz_nz_EFH_HCAMD04,0.80,0.88,0.80,0.63,,0.00
nz_nz_EFH_HCAMG12,0.88,0.79,0.88,,,0.00
nz_nz_EFH_HCAMH05,0.87,0.98,0.87,,,0.00
nz_nz_EFH_HCAMI01,0.82,0.94,0.82,0.50,0.70,0.00
nz_nz_PS1_CAM8001,0.94,0.90,0.94,,,0.00
nz_nz_ZIO_TRAILCAM01,0.94,0.86,0.94,,,0.00
RUA_RUA_M2,0.98,0.45,0.98,0.85,0.97,0.00
serengeti_serengeti_C01,0.88,0.89,0.88,,,0.00
serengeti_serengeti_E08,0.70,0.65,0.70,0.57,0.56,0.00
serengeti_serengeti_L08,0.82,0.84,0.82,0.78,,0.00
serengeti_serengeti_L09,0.69,0.73,0.69,0.60,0.68,0.00
serengeti_serengeti_N06,0.84,0.84,0.84,,,0.00
serengeti_serengeti_O11,0.87,0.84,0.87,,,0.00
serengeti_serengeti_U09,0.79,0.78,0.79,,,0.00
APN_APN_JJ5,0.97,0.98,0.98,,,0.01
APN_APN_JJP,0.96,0.96,0.97,,,0.01
APN_APN_K044,0.95,0.85,0.96,,,0.01
APN_APN_K082,0.98,0.89,0.99,0.74,0.99,0.01
APN_APN_N3,0.99,0.89,1.00,,,0.01
APN_APN_N5,0.96,0.88,0.97,,,0.01
APN_APN_RM4,0.87,0.86,0.88,,,0.01
APN_APN_TB26,0.97,0.92,0.98,,,0.01
APN_APN_U64C,0.94,0.89,0.95,0.84,0.93,0.01
APN_APN_UMH9,0.96,0.86,0.97,,,0.01
APN_APN_WM,0.97,0.98,0.98,,0.97,0.01
caltech_caltech_106,0.94,0.93,0.95,,,0.01
caltech_caltech_115,0.93,0.91,0.94,,,0.01
caltech_caltech_33,0.91,0.91,0.92,,,0.01
caltech_caltech_70,0.97,0.75,0.98,,0.98,0.01
CDB_CDB_B06,0.91,0.97,0.92,,,0.01
CDB_CDB_C07,0.92,0.91,0.93,,,0.01
CDB_CDB_D02,0.89,0.91,0.90,,,0.01
CDB_CDB_D04,0.91,0.92,0.92,,,0.01
ENO_ENO_B02,0.94,0.84,0.95,,0.90,0.01
idaho_idaho_105,0.94,0.95,0.95,,0.94,0.01
idaho_idaho_124,0.97,0.90,0.98,,,0.01
idaho_idaho_94,0.93,0.76,0.94,,,0.01
KAR_KAR_A02,0.90,0.74,0.91,,,0.01
KAR_KAR_D04,0.95,0.79,0.96,,,0.01
KAR_KAR_E01,0.94,0.74,0.95,,,0.01
MAD_MAD_B06,0.91,0.94,0.92,,0.90,0.01
MAD_MAD_F03,0.89,0.36,0.90,,,0.01
MAD_MAD_I05,0.90,0.81,0.91,,,0.01
MAD_MAD_MAD04,0.79,0.81,0.80,,,0.01
MTZ_MTZ_B04,0.98,0.71,0.99,,,0.01
MTZ_MTZ_F05,0.95,0.78,0.96,,,0.01
na_na_archbold_FL-04,0.87,0.95,0.88,,,0.01
na_na_lebec_CA-01,0.93,0.79,0.94,,,0.01
na_na_lebec_CA-05,0.96,0.93,0.97,,,0.01
na_na_lebec_CA-29,0.93,0.96,0.94,,,0.01
nz_nz_EFD_DCAMD08,0.94,0.93,0.95,,0.93,0.01
nz_nz_EFD_DCAMF08,0.94,0.93,0.95,,,0.01
nz_nz_EFD_DCAMH07,0.91,0.97,0.92,,0.88,0.01
nz_nz_EFH_HCAMB01,0.89,0.72,0.90,,,0.01
nz_nz_EFH_HCAME04,0.68,0.86,0.69,0.57,0.67,0.01
nz_nz_PS1_CAM6803,0.92,0.96,0.93,,,0.01
serengeti_serengeti_B09,0.89,0.83,0.90,,,0.01
serengeti_serengeti_E12,0.86,0.78,0.87,,,0.01
serengeti_serengeti_F12,0.83,0.79,0.84,,,0.01
serengeti_serengeti_G01,0.85,0.85,0.86,,,0.01
serengeti_serengeti_I04,0.83,0.88,0.84,,,0.01
serengeti_serengeti_I08,0.86,0.85,0.87,,,0.01
serengeti_serengeti_J10,0.81,0.83,0.82,0.56,,0.01
serengeti_serengeti_M03,0.86,0.85,0.87,,,0.01
APN_APN_13U,0.94,0.62,0.96,0.63,0.98,0.02
APN_APN_6U,0.96,0.95,0.98,,,0.02
APN_APN_K013,0.95,0.97,0.97,,,0.02
APN_APN_K023,0.93,0.86,0.95,0.65,0.93,0.02
APN_APN_U23A,0.97,0.94,0.99,,,0.02
APN_APN_U43B,0.96,0.91,0.98,,0.97,0.02
APN_APN_U63C,0.94,0.90,0.96,,,0.02
APN_APN_WS6,0.97,0.91,0.99,,,0.02
caltech_caltech_100,0.94,0.94,0.96,,0.93,0.02
caltech_caltech_120,0.96,0.90,0.98,,,0.02
caltech_caltech_43,0.96,0.89,0.98,,,0.02
CDB_CDB_A05,0.92,0.83,0.94,0.83,0.88,0.02
ENO_ENO_B05,0.90,0.94,0.92,,,0.02
ENO_ENO_C05,0.85,0.94,0.87,,0.90,0.02
idaho_idaho_117,0.93,0.89,0.95,,,0.02
idaho_idaho_85,0.96,0.86,0.98,0.76,0.96,0.02
idaho_idaho_87,0.91,0.90,0.93,,,0.02
MAD_MAD_I04,0.85,0.90,0.87,,,0.02
MTZ_MTZ_D06,0.95,0.77,0.97,,0.96,0.02
MTZ_MTZ_F04,0.98,0.82,1.00,,0.99,0.02
na_na_archbold_FL-15,0.94,0.93,0.96,,,0.02
na_na_lebec_CA-04,0.93,0.92,0.95,,,0.02
na_na_lebec_CA-09,0.95,0.93,0.97,,,0.02
na_na_lebec_CA-14,0.96,0.94,0.98,,,0.02
na_na_lebec_CA-24,0.96,0.94,0.98,,,0.02
na_na_lebec_CA-41,0.94,0.97,0.96,,,0.02
nz_nz_EFD_DCAMA05,0.97,0.95,0.99,,,0.02
nz_nz_EFD_DCAMC02,0.93,0.90,0.95,,,0.02
nz_nz_EFD_DCAMD10,0.93,0.96,0.95,,,0.02
nz_nz_EFD_DCAME06,0.83,0.88,0.85,0.70,,0.02
nz_nz_EFD_DCAME07,0.88,0.91,0.90,,,0.02
nz_nz_EFD_DCAMH04,0.88,0.96,0.90,,,0.02
nz_nz_EFH_HCAMG07,0.92,0.85,0.94,,,0.02
nz_nz_EFH_HCAMG08,0.95,0.93,0.97,,,0.02
nz_nz_EFH_HCAMG10,0.89,0.87,0.91,,,0.02
nz_nz_EFH_HCAMJ02,0.95,0.98,0.97,,,0.02
orinoquia_orinoquia_M00,0.81,1.00,0.83,0.62,0.72,0.02
RUA_RUA_M7,0.96,0.77,0.98,0.59,0.96,0.02
serengeti_serengeti_C11,0.81,0.84,0.83,0.66,,0.02
serengeti_serengeti_C12,0.83,0.81,0.85,,,0.02
serengeti_serengeti_F08,0.77,0.80,0.79,0.65,,0.02
serengeti_serengeti_F13,0.87,0.74,0.89,0.67,0.90,0.02
serengeti_serengeti_G13,0.86,0.94,0.88,,0.80,0.02
serengeti_serengeti_K05,0.92,0.91,0.94,,,0.02
serengeti_serengeti_K11,0.80,0.84,0.82,0.60,0.76,0.02
serengeti_serengeti_N02,0.77,0.82,0.79,,,0.02
serengeti_serengeti_P07,0.83,0.81,0.85,,,0.02
serengeti_serengeti_S08,0.84,0.86,0.86,0.73,,0.02
serengeti_serengeti_U13,0.82,0.74,0.84,,,0.02
APN_APN_K011,0.96,0.87,0.99,,0.98,0.03
APN_APN_K021,0.89,0.90,0.92,,,0.03
APN_APN_K064,0.92,0.96,0.95,,,0.03
APN_APN_TB14,0.94,0.94,0.97,,,0.03
APN_APN_WB4,0.90,0.89,0.93,,,0.03
caltech_caltech_38,0.92,0.92,0.95,,0.95,0.03
CDB_CDB_C06,0.89,0.92,0.92,,,0.03
CDB_CDB_D03,0.94,0.83,0.97,0.89,0.96,0.03
idaho_idaho_98,0.93,0.93,0.96,,,0.03
KAR_KAR_C01,0.83,0.86,0.86,0.76,0.83,0.03
KGA_KGA_KHOGB04,0.93,0.90,0.96,,,0.03
MAD_MAD_G04,0.84,0.80,0.87,,,0.03
MAD_MAD_G05,0.84,0.80,0.87,,,0.03
MAD_MAD_H08,0.87,0.81,0.90,0.75,0.88,0.03
MAD_MAD_MAD01,0.77,0.58,0.80,,,0.03
MTZ_MTZ_E05,0.94,0.82,0.97,0.73,0.95,0.03
na_na_archbold_FL-43,0.92,0.86,0.95,,,0.03
na_na_archbold_FL-44,0.91,0.86,0.94,,,0.03
na_na_lebec_CA-06,0.93,0.94,0.96,,,0.03
nz_nz_EFD_DCAMA10,0.85,0.92,0.88,,,0.03
nz_nz_EFD_DCAMC03,0.89,0.98,0.92,,0.86,0.03
nz_nz_EFD_DCAMC08,0.87,0.87,0.90,,,0.03
nz_nz_EFD_DCAMH01,0.95,0.94,0.98,,,0.03
nz_nz_EFH_HCAMD09,0.73,0.90,0.76,0.79,,0.03
nz_nz_EFH_HCAMG13,0.92,0.88,0.95,,,0.03
nz_nz_HLO_Moto2,0.95,0.99,0.98,,0.99,0.03
nz_nz_PS1_CAM8306,0.96,0.94,0.99,,,0.03
PLN_PLN_C02,0.85,0.85,0.88,,,0.03
serengeti_serengeti_B04,0.86,0.88,0.89,,,0.03
serengeti_serengeti_B12,0.86,0.83,0.89,,,0.03
serengeti_serengeti_D05,0.85,0.86,0.88,,,0.03
serengeti_serengeti_D07,0.88,0.89,0.91,,,0.03
serengeti_serengeti_D13,0.82,0.88,0.85,0.75,,0.03
serengeti_serengeti_G10,0.79,0.82,0.82,,,0.03
serengeti_serengeti_I06,0.81,0.90,0.84,0.74,,0.03
serengeti_serengeti_J01,0.88,0.85,0.91,,,0.03
serengeti_serengeti_J08,0.85,0.90,0.88,,0.86,0.03
serengeti_serengeti_K10,0.95,0.91,0.98,0.72,0.95,0.03
serengeti_serengeti_L04,0.85,0.85,0.88,,0.78,0.03
serengeti_serengeti_N09,0.81,0.88,0.84,,,0.03
serengeti_serengeti_P03,0.82,0.76,0.85,,,0.03
serengeti_serengeti_Q11,0.85,0.87,0.88,,0.86,0.03
serengeti_serengeti_R10,0.85,0.81,0.88,,0.84,0.03
serengeti_serengeti_T09,0.85,0.83,0.88,,,0.03
APN_APN_TB12,0.94,0.93,0.98,,,0.04
caltech_caltech_76,0.79,0.92,0.83,,,0.04
caltech_caltech_88,0.86,0.94,0.90,0.76,0.94,0.04
CDB_CDB_A06,0.86,0.93,0.90,,,0.04
ENO_ENO_C06,0.88,0.87,0.92,,,0.04
ENO_ENO_D01,0.91,0.70,0.95,,,0.04
idaho_idaho_122,0.88,0.90,0.92,,0.87,0.04
idaho_idaho_84,0.91,0.90,0.95,,,0.04
idaho_idaho_89,0.95,0.86,0.99,,,0.04
KAR_KAR_D01,0.90,0.77,0.94,,,0.04
KGA_KGA_KHOGB06,0.85,0.92,0.89,,,0.04
KRU_KRU_49,0.92,0.81,0.96,,,0.04
MAD_MAD_A03,0.87,0.92,0.91,,,0.04
MAD_MAD_A04,0.91,0.80,0.95,,0.93,0.04
MAD_MAD_A06,0.90,0.94,0.94,,,0.04
MAD_MAD_G08,0.91,0.75,0.95,0.87,0.91,0.04
MAD_MAD_I06,0.90,0.80,0.94,,,0.04
na_na_archbold_FL-41,0.87,0.81,0.91,,,0.04
na_na_lebec_CA-02,0.94,0.64,0.98,,,0.04
na_na_lebec_CA-18,0.87,0.96,0.91,,,0.04
na_na_lebec_CA-19,0.92,0.94,0.96,0.77,0.90,0.04
na_na_lebec_CA-21,0.92,0.90,0.96,,,0.04
na_na_lebec_CA-31,0.95,0.95,0.99,,,0.04
na_na_lebec_CA-32,0.93,0.92,0.97,,,0.04
na_na_lebec_CA-36,0.93,0.87,0.97,0.80,0.94,0.04
nz_nz_EFD_DCAMA06,0.92,0.89,0.96,,,0.04
nz_nz_EFD_DCAMA07,0.91,0.91,0.95,,,0.04
nz_nz_EFD_DCAMA11,0.88,0.95,0.92,,,0.04
nz_nz_EFD_DCAMB06,0.95,0.91,0.99,,,0.04
nz_nz_EFD_DCAMB07,0.89,0.90,0.93,,,0.04
nz_nz_EFD_DCAMD03,0.92,0.85,0.96,,,0.04
nz_nz_EFD_DCAMD04,0.88,0.92,0.92,,,0.04
nz_nz_EFD_DCAMF03,0.90,0.88,0.94,,0.92,0.04
nz_nz_EFH_HCAME06,0.87,0.86,0.91,,,0.04
nz_nz_EFH_HCAMF11,0.85,0.93,0.89,,,0.04
nz_nz_EFH_HCAMJ01,0.94,0.83,0.98,,,0.04
nz_nz_PS1_CAM6808,0.92,0.91,0.96,,0.94,0.04
PLN_PLN_B04,0.93,0.83,0.97,,,0.04
serengeti_serengeti_C03,0.86,0.90,0.90,,,0.04
serengeti_serengeti_C06,0.79,0.82,0.83,,,0.04
serengeti_serengeti_C13,0.79,0.83,0.83,,,0.04
serengeti_serengeti_G04,0.76,0.88,0.80,0.80,,0.04
serengeti_serengeti_G12,0.81,0.88,0.85,0.65,,0.04
serengeti_serengeti_J05,0.78,0.89,0.82,,,0.04
serengeti_serengeti_L07,0.75,0.84,0.79,0.71,,0.04
serengeti_serengeti_M02,0.75,0.70,0.79,,,0.04
serengeti_serengeti_M06,0.79,0.85,0.83,0.74,,0.04
serengeti_serengeti_M08,0.79,0.85,0.83,0.75,,0.04
serengeti_serengeti_N12,0.85,0.91,0.89,,0.86,0.04
serengeti_serengeti_O10,0.79,0.88,0.83,0.74,0.77,0.04
serengeti_serengeti_O13,0.88,0.87,0.92,,0.90,0.04
serengeti_serengeti_Q05,0.80,0.82,0.84,0.70,,0.04
serengeti_serengeti_Q07,0.84,0.87,0.88,0.79,,0.04
serengeti_serengeti_Q08,0.81,0.83,0.85,0.71,,0.04
serengeti_serengeti_Q09,0.81,0.83,0.85,0.56,0.80,0.04
serengeti_serengeti_R09,0.82,0.85,0.86,,0.84,0.04
serengeti_serengeti_T08,0.77,0.80,0.81,0.58,,0.04
APN_APN_LL5,0.91,0.88,0.96,,,0.05
APN_APN_TB17,0.91,0.92,0.96,,,0.05
CDB_CDB_E02,0.91,0.91,0.96,,,0.05
idaho_idaho_100,0.87,0.89,0.92,,,0.05
KAR_KAR_A01,0.90,0.85,0.95,,0.93,0.05
KAR_KAR_B02,0.84,0.88,0.89,0.78,,0.05
MAD_MAD_D07,0.93,0.92,0.98,,0.93,0.05
na_na_archbold_FL-09,0.91,0.62,0.96,,,0.05
na_na_archbold_FL-37,0.93,0.83,0.98,,,0.05
na_na_lebec_CA-30,0.87,0.96,0.92,,,0.05
na_na_lebec_CA-38,0.94,0.96,0.99,,,0.05
na_na_lebec_CA-40,0.88,0.90,0.93,,,0.05
nz_nz_EFD_DCAMA04,0.87,0.93,0.92,,0.89,0.05
nz_nz_EFD_DCAMD02,0.87,0.97,0.92,,,0.05
nz_nz_EFD_DCAMD06,0.88,0.90,0.93,,,0.05
nz_nz_EFD_DCAME03,0.82,0.91,0.87,0.75,0.82,0.05
nz_nz_EFD_DCAMF06,0.82,0.85,0.87,0.72,,0.05
nz_nz_EFH_HCAMB08,0.76,0.85,0.81,0.55,,0.05
nz_nz_EFH_HCAMD01,0.74,0.92,0.79,0.59,0.81,0.05
nz_nz_EFH_HCAME05,0.87,0.91,0.92,,,0.05
nz_nz_PS1_CAM7920,0.93,0.95,0.98,,,0.05
orinoquia_orinoquia_M04,0.65,0.97,0.70,0.60,0.66,0.05
PLN_PLN_D01,0.89,0.84,0.94,,,0.05
serengeti_serengeti_B13,0.88,0.89,0.93,,,0.05
serengeti_serengeti_D09,0.83,0.84,0.88,0.68,,0.05
serengeti_serengeti_D10,0.88,0.85,0.93,,,0.05
serengeti_serengeti_D12,0.79,0.77,0.84,0.69,0.78,0.05
serengeti_serengeti_E05,0.82,0.89,0.87,0.78,,0.05
serengeti_serengeti_F03,0.84,0.82,0.89,,,0.05
serengeti_serengeti_F07,0.80,0.85,0.85,0.75,0.82,0.05
serengeti_serengeti_H01,0.78,0.83,0.83,0.75,,0.05
serengeti_serengeti_H09,0.78,0.81,0.83,,,0.05
serengeti_serengeti_I05,0.76,0.83,0.81,,,0.05
serengeti_serengeti_J09,0.84,0.82,0.89,,,0.05
serengeti_serengeti_J13,0.76,0.82,0.81,0.61,,0.05
serengeti_serengeti_M13,0.77,0.77,0.82,0.68,,0.05
serengeti_serengeti_S10,0.84,0.77,0.89,,,0.05
serengeti_serengeti_S11,0.79,0.83,0.84,,,0.05
serengeti_serengeti_V10,0.76,0.84,0.81,0.67,,0.05
wellington_wellington_324,0.79,0.95,0.84,0.88,,0.05
APN_APN_K024,0.91,0.93,0.97,,,0.06
APN_APN_K051,0.90,0.90,0.96,,0.94,0.06
APN_APN_KUMH,0.82,0.91,0.88,0.75,,0.06
caltech_caltech_46,0.88,0.83,0.94,,0.91,0.06
caltech_caltech_61,0.90,0.85,0.96,,,0.06
CDB_CDB_B07,0.89,0.88,0.95,,,0.06
ENO_ENO_D04,0.85,0.89,0.91,,0.89,0.06
MAD_MAD_B03,0.90,0.95,0.96,,0.92,0.06
MAD_MAD_B05,0.90,0.95,0.96,,,0.06
MAD_MAD_C07,0.89,0.95,0.95,,0.94,0.06
MAD_MAD_MAD05,0.78,0.80,0.84,0.79,,0.06
na_na_archbold_FL-30,0.83,0.84,0.89,,,0.06
na_na_lebec_CA-37,0.82,0.80,0.88,,,0.06
nz_nz_EFD_DCAMC10,0.86,0.82,0.92,,0.84,0.06
nz_nz_EFD_DCAMD07,0.85,0.93,0.91,,,0.06
nz_nz_EFH_HCAMA03,0.84,0.90,0.90,0.71,0.88,0.06
nz_nz_EFH_HCAMA05,0.75,0.94,0.81,0.72,0.77,0.06
nz_nz_EFH_HCAMB03,0.87,0.94,0.93,,,0.06
nz_nz_EFH_HCAMB09,0.79,0.87,0.85,0.75,0.78,0.06
nz_nz_EFH_HCAME10,0.83,0.93,0.89,0.74,0.81,0.06
nz_nz_EFH_HCAMF07,0.90,0.95,0.96,,,0.06
nz_nz_EFH_HCAMG14,0.87,0.95,0.93,,,0.06
nz_nz_PS1_CAM7811,0.89,0.92,0.95,,,0.06
nz_nz_PS1_CAM8008,0.88,0.97,0.94,,,0.06
serengeti_serengeti_B06,0.73,0.81,0.79,0.67,,0.06
serengeti_serengeti_D04,0.88,0.91,0.94,,,0.06
serengeti_serengeti_D06,0.79,0.79,0.85,,,0.06
serengeti_serengeti_E13,0.78,0.86,0.84,0.65,0.78,0.06
serengeti_serengeti_F04,0.82,0.88,0.88,0.68,,0.06
serengeti_serengeti_G06,0.77,0.78,0.83,,,0.06
serengeti_serengeti_H04,0.78,0.89,0.84,,,0.06
serengeti_serengeti_H08,0.86,0.91,0.92,,0.87,0.06
serengeti_serengeti_J12,0.79,0.86,0.85,0.70,,0.06
serengeti_serengeti_K12,0.81,0.84,0.87,0.81,,0.06
serengeti_serengeti_L03,0.83,0.91,0.89,0.75,,0.06
serengeti_serengeti_M04,0.75,0.79,0.81,0.54,,0.06
serengeti_serengeti_O07,0.69,0.78,0.75,0.65,,0.06
serengeti_serengeti_P11,0.66,0.75,0.72,0.62,,0.06
serengeti_serengeti_Q04,0.70,0.89,0.76,0.65,0.73,0.06
serengeti_serengeti_R06,0.81,0.85,0.87,0.68,,0.06
serengeti_serengeti_H02,0.83,0.88,0.9,,,0.07
APN_APN_K062,0.84,0.81,0.91,,,0.07
APN_APN_UMH8,0.84,0.91,0.91,,,0.07
KGA_KGA_KHOGB07,0.77,0.79,0.84,0.66,0.83,0.07
MAD_MAD_C04,0.84,0.94,0.91,0.82,,0.07
MAD_MAD_C06,0.88,0.91,0.95,,,0.07
MAD_MAD_D04,0.84,0.88,0.91,0.78,0.82,0.07
na_na_archbold_FL-01,0.89,0.92,0.96,,,0.07
na_na_lebec_CA-11,0.89,0.84,0.96,,,0.07
na_na_lebec_CA-13,0.91,0.90,0.98,,,0.07
na_na_lebec_CA-26,0.89,0.96,0.96,,,0.07
nz_nz_EFD_DCAMA08,0.83,0.98,0.90,0.70,,0.07
nz_nz_EFD_DCAMF02,0.92,0.83,0.99,,,0.07
nz_nz_EFD_DCAMF07,0.86,0.88,0.93,,,0.07
nz_nz_EFH_HCAMA13,0.83,0.92,0.90,0.77,0.86,0.07
nz_nz_EFH_HCAMG15,0.84,0.96,0.91,0.77,,0.07
nz_nz_PS1_CAM6604,0.88,1.00,0.95,,,0.07
orinoquia_orinoquia_N07,0.76,0.98,0.83,0.74,,0.07
serengeti_serengeti_F02,0.82,0.83,0.89,0.76,,0.07
serengeti_serengeti_G02,0.75,0.83,0.82,0.68,,0.07
serengeti_serengeti_H03,0.80,0.89,0.87,0.79,0.83,0.07
serengeti_serengeti_I12,0.76,0.88,0.83,0.71,0.80,0.07
serengeti_serengeti_J06,0.85,0.90,0.92,,,0.07
serengeti_serengeti_L02,0.84,0.85,0.91,0.66,,0.07
serengeti_serengeti_L10,0.75,0.87,0.82,0.66,,0.07
serengeti_serengeti_M09,0.77,0.82,0.84,,,0.07
serengeti_serengeti_N08,0.78,0.82,0.85,,,0.07
serengeti_serengeti_O06,0.78,0.85,0.85,,0.84,0.07
serengeti_serengeti_R11,0.80,0.76,0.87,,,0.07
wellington_wellington_031c,0.88,0.92,0.95,,0.91,0.07
APN_APN_BOSP,0.87,0.97,0.95,,,0.08
ENO_ENO_C04,0.82,0.92,0.90,,0.82,0.08
na_na_lebec_CA-07,0.89,0.93,0.97,,,0.08
na_na_lebec_CA-17,0.87,0.78,0.95,,,0.08
na_na_lebec_CA-45,0.85,0.88,0.93,,,0.08
nz_nz_EFD_DCAMC09,0.80,0.89,0.88,0.78,0.88,0.08
nz_nz_EFD_DCAME02,0.80,0.97,0.88,0.64,0.70,0.08
nz_nz_EFH_HCAMB02,0.82,0.79,0.90,,,0.08
nz_nz_EFH_HCAMC03,0.85,0.90,0.93,,,0.08
nz_nz_EFH_HCAMF01,0.86,0.93,0.94,,,0.08
nz_nz_EFH_HCAMF12,0.89,0.92,0.97,,,0.08
nz_nz_EFH_HCAMH06,0.83,0.95,0.91,0.69,,0.08
nz_nz_PS1_CAM7709,0.84,0.99,0.92,0.59,0.79,0.08
serengeti_serengeti_C02,0.78,0.83,0.86,,,0.08
serengeti_serengeti_F01,0.84,0.83,0.92,,,0.08
serengeti_serengeti_H11,0.80,0.87,0.88,0.74,0.85,0.08
serengeti_serengeti_J02,0.74,0.84,0.82,0.75,0.83,0.08
serengeti_serengeti_K04,0.81,0.90,0.89,,,0.08
serengeti_serengeti_O04,0.72,0.81,0.80,0.61,0.77,0.08
serengeti_serengeti_O08,0.74,0.82,0.82,0.65,,0.08
serengeti_serengeti_O09,0.72,0.79,0.80,0.66,0.77,0.08
serengeti_serengeti_P13,0.80,0.77,0.88,,,0.08
serengeti_serengeti_Q10,0.76,0.76,0.84,0.57,0.77,0.08
serengeti_serengeti_R05,0.81,0.81,0.89,,,0.08
serengeti_serengeti_T11,0.74,0.83,0.82,,,0.08
serengeti_serengeti_U12,0.79,0.85,0.87,0.73,0.83,0.08
KRU_KRU_7,0.84,0.90,0.93,0.81,,0.09
MAD_MAD_F04,0.86,0.79,0.95,,,0.09
na_na_lebec_CA-20,0.85,0.97,0.94,0.86,0.89,0.09
nz_nz_EFD_DCAME01,0.78,0.93,0.87,0.69,0.81,0.09
nz_nz_EFD_DCAMH09,0.87,0.91,0.96,,,0.09
nz_nz_EFH_HCAMA06,0.75,0.92,0.84,0.73,0.72,0.09
nz_nz_EFH_HCAMD06,0.81,0.82,0.90,0.71,,0.09
nz_nz_EFH_HCAME07,0.83,0.87,0.92,0.76,0.84,0.09
orinoquia_orinoquia_N25,0.71,0.78,0.80,0.49,0.66,0.09
serengeti_serengeti_B03,0.82,0.91,0.91,0.74,0.88,0.09
serengeti_serengeti_D02,0.82,0.84,0.91,,,0.09
serengeti_serengeti_E02,0.76,0.84,0.85,,,0.09
serengeti_serengeti_F10,0.63,0.79,0.72,,,0.09
serengeti_serengeti_G07,0.74,0.83,0.83,0.67,,0.09
serengeti_serengeti_I13,0.74,0.82,0.83,0.69,,0.09
serengeti_serengeti_L06,0.70,0.82,0.79,0.66,0.80,0.09
wellington_wellington_046c,0.79,0.74,0.88,,,0.09
ENO_ENO_B06,0.86,0.86,0.96,,,0.10
ENO_ENO_C02,0.81,0.94,0.91,0.73,0.88,0.10
ENO_ENO_E06,0.84,0.79,0.94,,,0.10
KGA_KGA_KHOGC05,0.77,0.84,0.87,0.74,0.78,0.10
nz_nz_EFD_DCAMA02,0.81,0.90,0.91,0.81,,0.10
nz_nz_EFH_HCAME02,0.80,0.85,0.90,0.61,,0.10
nz_nz_EFH_HCAMF04,0.76,0.94,0.86,0.68,0.85,0.10
serengeti_serengeti_B05,0.66,0.76,0.76,0.66,,0.10
serengeti_serengeti_D11,0.73,0.85,0.83,0.65,,0.10
serengeti_serengeti_F09,0.75,0.83,0.85,0.61,,0.10
serengeti_serengeti_G03,0.75,0.76,0.85,0.75,,0.10
serengeti_serengeti_H05,0.71,0.85,0.81,,,0.10
serengeti_serengeti_K08,0.72,0.89,0.82,0.79,0.88,0.10
KAR_KAR_B03,0.72,0.87,0.83,0.70,0.74,0.11
nz_nz_EFD_DCAMB03,0.84,0.93,0.95,0.80,,0.11
nz_nz_EFD_DCAMC07,0.78,0.92,0.89,,0.85,0.11
nz_nz_EFH_HCAMA10,0.75,0.96,0.86,0.77,0.85,0.11
nz_nz_EFH_HCAMD07,0.80,0.95,0.91,0.74,0.88,0.11
nz_nz_EFH_HCAMD08,0.76,0.87,0.87,0.68,,0.11
serengeti_serengeti_E01,0.81,0.87,0.92,0.75,0.87,0.11
serengeti_serengeti_I02,0.73,0.81,0.84,0.75,,0.11
serengeti_serengeti_I11,0.82,0.92,0.93,0.77,0.90,0.11
KAR_KAR_F03,0.80,0.75,0.92,,,0.12
nz_nz_EFD_DCAME09,0.80,0.90,0.92,0.70,,0.12
nz_nz_EFH_HCAMA12,0.74,0.76,0.86,0.76,,0.12
nz_nz_EFH_HCAMH07,0.86,0.85,0.98,,,0.12
serengeti_serengeti_E03,0.81,0.90,0.93,,,0.12
serengeti_serengeti_E09,0.64,0.81,0.76,0.57,0.70,0.12
serengeti_serengeti_H13,0.70,0.75,0.82,0.58,,0.12
serengeti_serengeti_I01,0.76,0.86,0.88,0.83,0.83,0.12
serengeti_serengeti_L11,0.79,0.87,0.91,0.63,,0.12
serengeti_serengeti_N04,0.76,0.82,0.88,0.74,0.84,0.12
serengeti_serengeti_T10,0.78,0.83,0.90,,,0.12
wellington_wellington_235,0.83,0.93,0.95,0.79,,0.12
MAD_MAD_A05,0.78,0.97,0.91,0.74,0.88,0.13
MAD_MAD_D03,0.79,0.97,0.92,0.78,0.89,0.13
na_na_lebec_CA-16,0.83,0.84,0.96,0.75,0.87,0.13
nz_nz_EFH_HCAMC08,0.74,0.83,0.87,0.62,,0.13
nz_nz_EFH_HCAME09,0.79,0.81,0.92,0.76,,0.13
nz_nz_EFH_HCAMF02,0.75,0.95,0.88,0.74,,0.13
nz_nz_EFH_HCAMH08,0.79,0.78,0.92,,,0.13
nz_nz_EFH_HCAMH09,0.77,0.82,0.90,0.46,0.88,0.13
nz_nz_EFH_HCAMJ06,0.78,0.89,0.91,0.80,,0.13
nz_nz_HLO_HPAT003,0.80,0.87,0.93,0.67,,0.13
nz_nz_PS1_CAM7312,0.85,0.82,0.98,,,0.13
serengeti_serengeti_B10,0.67,0.82,0.80,0.67,0.77,0.13
serengeti_serengeti_F06,0.78,0.82,0.91,0.79,,0.13
APN_APN_K041,0.83,0.84,0.97,0.79,,0.14
ENO_ENO_D06,0.84,0.87,0.98,,0.91,0.14
nz_nz_EFH_HCAMC02,0.71,0.89,0.85,0.77,0.80,0.14
nz_nz_EFH_HCAME08,0.78,0.92,0.92,0.73,0.85,0.14
nz_nz_EFH_HCAMA07,0.79,0.91,0.94,,,0.15
nz_nz_EFH_HCAMB05,0.65,0.91,0.80,0.67,0.76,0.15
nz_nz_EFH_HCAMB07,0.71,0.95,0.86,0.61,0.72,0.15
orinoquia_orinoquia_N04,0.74,0.98,0.89,0.59,0.70,0.15
serengeti_serengeti_E04,0.68,0.79,0.83,,,0.15
serengeti_serengeti_P10,0.68,0.81,0.83,,,0.15
KGA_KGA_KHOGA04,0.71,0.87,0.87,0.74,0.81,0.16
serengeti_serengeti_I07,0.75,0.87,0.91,0.74,,0.16
serengeti_serengeti_S07,0.75,0.87,0.91,0.72,,0.16
nz_nz_EFH_HCAMA02,0.70,0.88,0.87,0.63,,0.17
nz_nz_EFH_HCAMC04,0.70,0.90,0.87,0.78,0.76,0.17
nz_nz_EFH_HCAMH02,0.68,0.94,0.85,0.57,0.74,0.17
serengeti_serengeti_C08,0.67,0.85,0.84,0.75,0.78,0.17
KGA_KGA_KHOLA05,0.76,0.88,0.94,,,0.18
nz_nz_EFH_HCAMB11,0.76,0.83,0.94,0.67,,0.18
nz_nz_EFH_HCAMH03,0.66,0.83,0.84,0.54,0.77,0.18
nz_nz_EFD_DCAMC04,0.70,0.98,0.90,0.63,0.87,0.20
nz_nz_EFH_HCAMC07,0.60,0.84,0.80,0.67,0.76,0.20
orinoquia_orinoquia_N29,0.59,0.82,0.79,0.65,0.70,0.20
nz_nz_EFD_DCAMB04,0.72,0.90,0.93,0.63,0.83,0.21
nz_nz_EFH_HCAMB04,0.70,0.84,0.91,0.76,0.81,0.21
nz_nz_EFH_HCAMA09,0.63,0.86,0.85,0.68,,0.22
nz_nz_EFH_HCAMB10,0.58,0.90,0.81,0.69,0.76,0.23
KGA_KGA_KHOLA08,0.67,0.93,0.91,0.81,0.86,0.24
nz_nz_EFD_DCAMC05,0.67,0.95,0.92,0.74,,0.25
nz_nz_EFH_HCAMC06,0.66,0.95,0.91,0.62,0.66,0.25
nz_nz_EFH_HCAMD05,0.62,0.92,0.87,0.64,,0.25
nz_nz_EFH_HCAMD10,0.64,0.89,0.90,0.72,,0.26
KGA_KGA_KHOLA03,0.63,0.95,0.90,0.61,0.75,0.27
nz_nz_EFH_HCAMD03,0.57,0.85,0.85,0.60,0.69,0.28
nz_nz_EFH_HCAMH04,0.62,0.93,0.90,0.58,0.72,0.28
CDB_CDB_B04,0.62,0.91,0.94,0.84,,0.32
nz_nz_EFH_HCAMC01,0.56,0.72,0.90,0.68,0.77,0.34
nz_nz_PS1_CAM6213,0.61,0.91,0.97,0.79,0.88,0.36
nz_nz_EFD_DCAMB02,0.56,0.98,0.93,0.72,0.76,0.37